{
  "Afghanistan": 1257.1707527845556,
  "Albania": 1549.6757157064158,
  "Alderney": 1334.9159486149365,
  "Algeria": 1960.6939930955853,
  "American Samoa": 1033.316186102437,
  "Andorra": 1063.9425082003083,
  "Angola": 1578.3143561519778,
  "Anguilla": 1029.2104807860887,
  "Antigua and Barbuda": 1106.5624986699531,
  "Argentina": 2038.7315719310236,
  "Armenia": 1230.8654760242605,
  "Aruba": 1372.3947993552545,
  "Australia": 1847.469090875965,
  "Austria": 1829.0091268617005,
  "Aymara": 1415.36195689011,
  "Azerbaijan": 1287.8949262503536,
  "Bahamas": 920.6569853002277,
  "Bahrain": 1522.2120138782043,
  "Bangladesh": 1280.063245355359,
  "Barbados": 1149.0285314043733,
  "Basque Country": 1597.716952110746,
  "Belarus": 1512.6234497598937,
  "Belgium": 1920.572068373954,
  "Belize": 1377.2305881427749,
  "Benin": 1573.3826054335427,
  "Bermuda": 1293.4440138240238,
  "Bhutan": 1065.7139434226262,
  "Biafra": 1540.561814313445,
  "Bolivia": 1650.074918620637,
  "Bonaire": 1196.937151633021,
  "Bosnia and Herzegovina": 1524.6458499217078,
  "Botswana": 1351.767681794496,
  "Brazil": 2024.74634872598,
  "British Virgin Islands": 1164.8709296472412,
  "Brunei": 1110.4110462497695,
  "Bulgaria": 1447.232637688083,
  "Burkina Faso": 1673.1081307019385,
  "Burundi": 1368.7011315874436,
  "Cambodia": 1232.5204939634234,
  "Cameroon": 1745.4912082357812,
  "Canada": 1880.8268424788205,
  "Cape Verde": 1735.9230866237144,
  "Cayman Islands": 1173.3140993957688,
  "Central African Republic": 1346.9436093754625,
  "Chad": 1228.0655420552214,
  "Chameria": 1533.3796741111323,
  "Chile": 1725.0567040253814,
  "China PR": 1562.3394645554895,
  "Colombia": 1956.6916872423783,
  "Comoros": 1446.4540579577788,
  "Congo": 1280.1472021725078,
  "Cook Islands": 1243.736242640353,
  "Costa Rica": 1656.114162963251,
  "Croatia": 1784.7019266758589,
  "Cuba": 1445.2937642879117,
  "Cura\u00e7ao": 1580.4045208620512,
  "Cyprus": 1232.388477704541,
  "Czech Republic": 1747.1366341695082,
  "DR Congo": 1830.5490418310308,
  "Denmark": 1802.243208477608,
  "Djibouti": 1152.2799490188352,
  "Dominica": 1230.4265224101016,
  "Dominican Republic": 1511.9821627486674,
  "East Turkestan": 1475.9678492742717,
  "Ecuador": 1947.5678778186957,
  "Egypt": 1890.4195998167645,
  "El Salvador": 1478.8951075825764,
  "Elba Island": 1565.7576004980494,
  "England": 1931.30268184031,
  "Equatorial Guinea": 1416.8707400716703,
  "Estonia": 1313.2666945557498,
  "Eswatini": 1335.9695400106639,
  "Ethiopia": 1387.2027074517164,
  "Falkland Islands": 1336.129148455317,
  "Faroe Islands": 1400.7236992938385,
  "Fiji": 1323.2673013562458,
  "Finland": 1462.3474960727387,
  "France": 2017.4381304098542,
  "French Guiana": 1441.9037328115987,
  "Fr\u00f8ya": 1249.3525449875187,
  "Gabon": 1494.1925114028786,
  "Galicia": 1463.4138236932858,
  "Gambia": 1562.3120975494387,
  "Georgia": 1555.7011639079992,
  "Germany": 1882.0864683862262,
  "Ghana": 1604.7296832592317,
  "Gibraltar": 1118.639949989745,
  "Gozo": 1528.2245513341074,
  "Greece": 1646.3562049086818,
  "Greenland": 1353.3095127716126,
  "Grenada": 1276.6287122757972,
  "Guadeloupe": 1552.1678723710284,
  "Guam": 1254.862109633487,
  "Guatemala": 1565.5026738884994,
  "Guernsey": 1548.2326775067352,
  "Guinea": 1557.5179568726537,
  "Guinea-Bissau": 1302.443927868778,
  "Guyana": 1574.0372078690957,
  "Haiti": 1765.1431515027778,
  "Hitra": 1519.2090083008109,
  "Hmong": 1438.1500648398908,
  "Honduras": 1686.7876091453065,
  "Hong Kong": 1500.321367830559,
  "Hungary": 1562.262550449311,
  "Iceland": 1532.0063764381794,
  "India": 1239.6096590563093,
  "Indonesia": 1459.5915319493743,
  "Iran": 1935.9834180412597,
  "Iraq": 1765.95314317719,
  "Isle of Man": 1719.7145236568035,
  "Isle of Wight": 1602.6525335285198,
  "Israel": 1629.3827308787943,
  "Italy": 1747.409038347899,
  "Ivory Coast": 1953.4640498765393,
  "Jamaica": 1681.9029405755032,
  "Japan": 1985.9718254128343,
  "Jersey": 1770.7771010024896,
  "Jordan": 1779.6262901800746,
  "Kazakhstan": 1424.134446869275,
  "Kenya": 1474.8819314637765,
  "Kernow": 1525.438512349678,
  "Kosovo": 1731.8194140496112,
  "Kuwait": 1475.3228696581034,
  "Kyrgyzstan": 1441.081160585071,
  "Laos": 1115.0277820603387,
  "Latvia": 1193.9430549306694,
  "Lebanon": 1536.5585258973001,
  "Lesotho": 1413.9380928206167,
  "Liberia": 1417.668588230727,
  "Libya": 1585.2424501052967,
  "Liechtenstein": 884.9233894459777,
  "Lithuania": 1250.914173255371,
  "Luxembourg": 1263.1388927900966,
  "Macau": 1033.1365734890703,
  "Madagascar": 1588.5091479330956,
  "Malawi": 1453.4017496429014,
  "Malaysia": 1592.365494559267,
  "Maldives": 1035.4700608232515,
  "Mali": 1716.6075697567255,
  "Malta": 1212.1761187222426,
  "Mapuche": 1525.0724208438542,
  "Marshall Islands": 1322.3392769737698,
  "Martinique": 1396.0830191683858,
  "Matabeleland": 1497.328603391757,
  "Maule Sur": 1559.565622266036,
  "Mauritania": 1410.0993371372288,
  "Mauritius": 1270.0850869075691,
  "Mayotte": 1491.183492849082,
  "Menorca": 1463.174623363089,
  "Mexico": 1920.2452013035784,
  "Moldova": 1118.0974634574711,
  "Mongolia": 1111.510469521556,
  "Montenegro": 1354.7130171531903,
  "Montserrat": 1251.1889802317492,
  "Morocco": 2041.5695603394136,
  "Mozambique": 1475.3369816968545,
  "Myanmar": 1220.4072561361565,
  "Namibia": 1325.3577726898468,
  "Nepal": 1249.398136376698,
  "Netherlands": 1844.3020712567497,
  "New Caledonia": 1677.9193022459908,
  "New Zealand": 1609.7543202372738,
  "Nicaragua": 1502.7143123905157,
  "Niger": 1576.3195048035057,
  "Nigeria": 1949.2614962274051,
  "North Korea": 1505.609686935114,
  "North Macedonia": 1479.3501565537492,
  "Northern Ireland": 1585.8702862348875,
  "Northern Mariana Islands": 1333.4461573853762,
  "Norway": 1918.2467759073913,
  "Oman": 1570.2285253110567,
  "Orkney": 1536.9618323005334,
  "Pakistan": 1216.0940381245287,
  "Palestine": 1579.683578150655,
  "Panama": 1789.5272315314276,
  "Papua New Guinea": 1494.6254795711668,
  "Paraguay": 1803.0200756939169,
  "Peru": 1578.3730228926781,
  "Philippines": 1499.3268249730345,
  "Poland": 1614.9960278896338,
  "Portugal": 1928.287594518194,
  "Puerto Rico": 1478.2655074852255,
  "Qatar": 1442.9972258208702,
  "Raetia": 1603.128268822744,
  "Republic of Ireland": 1647.1997780841898,
  "Romania": 1510.5458916957682,
  "Russia": 1771.8677941897702,
  "Rwanda": 1474.918596076891,
  "R\u00e9union": 1469.1552210731982,
  "Saint Barth\u00e9lemy": 1509.0730942268592,
  "Saint Helena": 1298.4553857030444,
  "Saint Kitts and Nevis": 1307.2441006410686,
  "Saint Lucia": 1138.5429701301039,
  "Saint Martin": 1444.2681722853167,
  "Saint Vincent and the Grenadines": 1433.9417839367181,
  "Samoa": 1375.573293226587,
  "San Marino": 894.7769775665321,
  "Saudi Arabia": 1588.3066038904617,
  "Scotland": 1706.1078388445524,
  "Senegal": 1895.1463383657183,
  "Serbia": 1587.2453945746988,
  "Seychelles": 1045.8215812515455,
  "Shetland": 1594.6973550796397,
  "Sierra Leone": 1472.7766143964984,
  "Singapore": 1413.5599359332352,
  "Sint Maarten": 1457.2648171771839,
  "Slovakia": 1596.9522076652152,
  "Slovenia": 1586.6167289531927,
  "Solomon Islands": 1178.7981743498774,
  "Somalia": 1249.1225074327726,
  "South Africa": 1605.7243429762757,
  "South Korea": 1788.3545572132068,
  "South Sudan": 1305.3873097397723,
  "Spain": 2081.84142210404,
  "Sri Lanka": 1207.075524907504,
  "Sudan": 1455.885113756466,
  "Suriname": 1600.0530379091097,
  "Sweden": 1670.7651413465137,
  "Switzerland": 1921.5666259735353,
  "Syria": 1651.1372399677348,
  "Sz\u00e9kely Land": 1578.042146028485,
  "S\u00e1pmi": 1474.561487650322,
  "S\u00e3o Tom\u00e9 and Pr\u00edncipe": 1204.2419455797126,
  "Tahiti": 1572.753077241988,
  "Taiwan": 1174.1331036117601,
  "Tajikistan": 1466.2980710607255,
  "Tamil Eelam": 1736.7520041751143,
  "Tanzania": 1363.482642829775,
  "Thailand": 1617.087892430093,
  "Tibet": 1352.2005905585938,