{
  "Afghanistan": 1281.1530758387646,
  "Albania": 1557.5490166889858,
  "Alderney": 1333.5861694399862,
  "Algeria": 1931.6169769492724,
  "American Samoa": 1024.6734938251861,
  "Andorra": 1031.7609538257448,
  "Angola": 1567.207293532801,
  "Anguilla": 1010.9015177014127,
  "Antigua and Barbuda": 1083.4369785777992,
  "Argentina": 2041.5297149201062,
  "Armenia": 1219.1528993917457,
  "Aruba": 1353.410869032588,
  "Australia": 1918.7362911273367,
  "Austria": 1780.0681501851334,
  "Aymara": 1415.8746351626596,
  "Azerbaijan": 1270.6990218214894,
  "Bahamas": 899.4253159853571,
  "Bahrain": 1541.5879984494045,
  "Bangladesh": 1264.521170449935,
  "Barbados": 1137.7947050763585,
  "Basque Country": 1564.3462048932656,
  "Belarus": 1475.437554542438,
  "Belgium": 1861.5404773030425,
  "Belize": 1373.6137565501708,
  "Benin": 1583.8862821674759,
  "Bermuda": 1293.468650904086,
  "Bhutan": 1086.4790076940174,
  "Biafra": 1540.2655746640899,
  "Bolivia": 1646.195207272429,
  "Bonaire": 1199.109941935225,
  "Bosnia and Herzegovina": 1529.7162822245875,
  "Botswana": 1333.0032605624901,
  "Brazil": 1966.052151847552,
  "British Virgin Islands": 1181.4795433578352,
  "Brunei": 1115.3216026476798,
  "Bulgaria": 1462.4639523971714,
  "Burkina Faso": 1635.9105228920735,
  "Burundi": 1345.50997152646,
  "Cambodia": 1239.775428796714,
  "Cameroon": 1777.06061042812,
  "Canada": 1881.4751236435816,
  "Cape Verde": 1684.1742396188959,
  "Cayman Islands": 1150.6642102663106,
  "Central African Republic": 1312.6557200650593,
  "Chad": 1197.9649189966667,
  "Chameria": 1540.2696947028926,
  "Chile": 1655.161148504131,
  "China PR": 1571.3403086919307,
  "Colombia": 1955.5366961434036,
  "Comoros": 1451.0782403082806,
  "Congo": 1283.6740716672944,
  "Cook Islands": 1251.2887919146733,
  "Costa Rica": 1719.3869446045385,
  "Croatia": 1805.2592664012875,
  "Cuba": 1454.2502690663414,
  "Cura\u00e7ao": 1634.857514761436,
  "Cyprus": 1228.0120061421703,
  "Czech Republic": 1698.8377285584681,
  "DR Congo": 1843.7090906335595,
  "Denmark": 1795.5756606126806,
  "Djibouti": 1130.4652258348585,
  "Dominica": 1231.876979097464,
  "Dominican Republic": 1525.2739275360468,
  "East Turkestan": 1476.0984609694167,
  "Ecuador": 1946.9723643344632,
  "Egypt": 1902.5462329309873,
  "El Salvador": 1482.2730929518796,
  "Elba Island": 1537.5154192455889,
  "England": 2013.902664262911,
  "Equatorial Guinea": 1380.7630171915682,
  "Estonia": 1273.085389038605,
  "Eswatini": 1323.259720402313,
  "Ethiopia": 1385.190381212047,
  "Falkland Islands": 1336.9897807263712,
  "Faroe Islands": 1390.121689047834,
  "Fiji": 1323.852867552234,
  "Finland": 1430.9674873978242,
  "France": 2023.9420146962352,
  "French Guiana": 1439.7615983320638,
  "Fr\u00f8ya": 1251.147536642466,
  "Gabon": 1462.8286662481355,
  "Galicia": 1481.0020270242221,
  "Gambia": 1571.2865632306791,
  "Georgia": 1534.499889938882,
  "Germany": 1859.6660795247483,
  "Ghana": 1635.1321307684113,
  "Gibraltar": 1025.1704543920769,
  "Gozo": 1528.5598889954897,
  "Greece": 1641.3571200717427,
  "Greenland": 1404.0155795316562,
  "Grenada": 1290.5155149670456,
  "Guadeloupe": 1519.088695852031,
  "Guam": 1253.0768790223171,
  "Guatemala": 1634.6906365307345,
  "Guernsey": 1546.021579101113,
  "Guinea": 1573.0587449014984,
  "Guinea-Bissau": 1284.454892173381,
  "Guyana": 1584.9218120749047,
  "Haiti": 1772.2010825242191,
  "Hitra": 1519.6843493151698,
  "Hmong": 1438.472902174662,
  "Honduras": 1728.1442459969844,
  "Hong Kong": 1492.0218661298209,
  "Hungary": 1545.2592283820247,
  "Iceland": 1501.2475546659032,
  "India": 1203.2510672976716,
  "Indonesia": 1470.5821892450217,
  "Iran": 1928.1307175550273,
  "Iraq": 1780.8535778108198,
  "Isle of Man": 1719.6209716118553,
  "Isle of Wight": 1602.628499665428,
  "Israel": 1602.7211544939742,
  "Italy": 1736.929545238325,
  "Ivory Coast": 1907.561357767413,
  "Jamaica": 1694.825844556958,
  "Japan": 1990.013108523054,
  "Jersey": 1770.5819220319156,
  "Jordan": 1832.3327915441203,
  "Kazakhstan": 1427.4716891077092,
  "Kenya": 1472.4903903213922,
  "Kernow": 1529.0258904994737,
  "Kosovo": 1739.8483218402278,
  "Kuwait": 1490.1067799395141,
  "Kyrgyzstan": 1494.135429443722,
  "Laos": 1114.1509473689114,
  "Latvia": 1165.7884996023793,
  "Lebanon": 1535.8646648215627,
  "Lesotho": 1434.611217222347,
  "Liberia": 1437.881782645536,
  "Libya": 1572.3756838886427,
  "Liechtenstein": 843.2639991389742,
  "Lithuania": 1199.1025817748082,
  "Luxembourg": 1234.5786318818994,
  "Macau": 1048.189332049613,
  "Madagascar": 1562.6762072795907,
  "Malawi": 1441.6482802688245,
  "Malaysia": 1595.8751117127365,
  "Maldives": 1040.1715617098598,
  "Mali": 1704.9883444812867,
  "Malta": 1209.5715850958768,
  "Mapuche": 1524.881130165851,
  "Marshall Islands": 1323.174099233449,
  "Martinique": 1398.9776598969743,
  "Matabeleland": 1497.3612447011903,
  "Maule Sur": 1559.2442346714895,
  "Mauritania": 1398.8911228789843,
  "Mauritius": 1261.4711011657744,
  "Mayotte": 1491.0830156637205,
  "Menorca": 1463.6759638884657,
  "Mexico": 1961.341633231433,
  "Moldova": 1140.9195567405245,
  "Mongolia": 1095.7638740677744,
  "Montenegro": 1305.0602450129084,
  "Montserrat": 1247.9428054474777,
  "Morocco": 2078.2482003494133,
  "Mozambique": 1490.1634509494029,
  "Myanmar": 1224.6587669379255,
  "Namibia": 1331.1088987668077,
  "Nepal": 1197.2619004718931,
  "Netherlands": 1858.6275749327813,
  "New Caledonia": 1680.5465582023003,
  "New Zealand": 1670.31890523101,
  "Nicaragua": 1517.9222511616138,
  "Niger": 1594.6584363004222,
  "Nigeria": 2020.261680473047,
  "North Korea": 1512.3665478674354,
  "North Macedonia": 1481.8647266349924,
  "Northern Ireland": 1555.0620160452502,
  "Northern Mariana Islands": 1326.537587977716,
  "Norway": 1956.4676268137491,
  "Oman": 1588.4812333931548,
  "Orkney": 1534.1100684090839,
  "Pakistan": 1226.1958381594154,
  "Palestine": 1627.7132687698622,
  "Panama": 1846.3798002744227,
  "Papua New Guinea": 1488.350094608474,
  "Paraguay": 1807.6387869091889,
  "Peru": 1549.3144021414382,
  "Philippines": 1511.0260341965331,
  "Poland": 1603.9498435001915,
  "Portugal": 1914.5729621341254,
  "Puerto Rico": 1483.4191695997686,
  "Qatar": 1495.7458986057425,
  "Raetia": 1636.127078427938,
  "Republic of Ireland": 1651.837024499962,
  "Romania": 1518.496909830155,
  "Russia": 1760.0506589659517,
  "Rwanda": 1475.7852933617785,
  "R\u00e9union": 1467.642874539684,
  "Saint Barth\u00e9lemy": 1503.284011851253,
  "Saint Helena": 1299.5301468665436,
  "Saint Kitts and Nevis": 1277.1399241325114,
  "Saint Lucia": 1129.6949558533092,
  "Saint Martin": 1486.720193153242,
  "Saint Vincent and the Grenadines": 1403.1106337156318,
  "Samoa": 1364.3272603410585,
  "San Marino": 873.8158193721239,
  "Saudi Arabia": 1651.8711756941668,
  "Scotland": 1730.635051791537,
  "Senegal": 1910.398934954299,
  "Serbia": 1609.899753089138,
  "Seychelles": 1024.7324231356477,
  "Shetland": 1594.7123836924088,
  "Sierra Leone": 1480.718246199928,
  "Singapore": 1430.6833944774598,
  "Sint Maarten": 1456.435934123336,
  "Slovakia": 1575.8399145584324,
  "Slovenia": 1571.133833748073,
  "Solomon Islands": 1175.9105906235047,
  "Somalia": 1242.9237866728326,
  "South Africa": 1627.8769138171497,
  "South Korea": 1842.9503597736602,
  "South Sudan": 1305.3961194553228,
  "Spain": 2156.927795877602,
  "Sri Lanka": 1200.260981343257,
  "Sudan": 1455.7773021136168,
  "Suriname": 1605.2001353203495,
  "Sweden": 1656.5710623199282,
  "Switzerland": 1898.5490958965024,
  "Syria": 1686.3467636348043,
  "Sz\u00e9kely Land": 1584.9291789775027,
  "S\u00e1pmi": 1470.9741095005263,
  "S\u00e3o Tom\u00e9 and Pr\u00edncipe": 1208.7556644514575,
  "Tahiti": 1573.2129636192853,
  "Taiwan": 1147.30913372233,
  "Tajikistan": 1505.5508759725617,
  "Tamil Eelam": 1735.954053876887,
  "Tanzania": 1392.9416189000103,
  "Thailand": 1617.2985088214373,
  "Tibet": 1353.2629254973926,
  "Ticino": 1324.9436944384088,